﻿Designator,Footprint,Quantity,Value,LCSC Part #
C1,0603,1,1uF 50V,C15849
"C10, C9",0603,2,1uF,C15849
C11,0603,1,100nF,C30926
"C2, C3, C4",0603,3,4.7uF 35V,C307467
C5,CP_Elec_6.3x5.4,1,100uF,C72494
"C6, C7",0603,2,10uF,C96446
C8,0603,1,0.1uF,C3011705
J2,USB_C_Receptacle_GCT_USB4110,1,USB_C_Receptacle_USB3.0_12P,C136423
J3,JST_PH_S2B-PH-K_1x02_P2.00mm_Horizontal,1,Battery,
J4,JST_PH_S4B-PH-SM4-TB_1x04-1MP_P2.00mm_Horizontal,1,Conn_01x04_Socket,
J5,JST_PH_S4B-PH-SM4-TB_1x04-1MP_P2.00mm_Horizontal,1,Conn_01x04_Pin,
Q1,SOT-23-6L_TCP,1,FS8205A,C2830320
R1,0402,1,0,C25139
R10,0402,1,100,C106232
"R11, R13, R14, R6",0402,4,10k,C2906861
R12,0402,1,"8,2k",C137929
"R15, R16",0402,2,3.3k,C137992
R2,0402,1,10,C25139
R3,0402,1,49.9k,C100457
R4,0402,1,5.1k,C25941
R5,0402,1,"0,4",C728428
R9,0402,1,1k,C11702
U1,ESP32-WROOM-32E,1,ESP32-WROOM-E,
U2,DFN-10-1EP_3x3mm_P0.5mm_EP1.55x2.48mm,1,HUSB238,C7471904
U3,SO_ADY-T1-GE3_VIS,1,SI4459ADY-T1-GE3,C143743
U4,SOIC-8-1EP_3.9x4.9mm_P1.27mm_EP2.41x3.3mm_ThermalVias,1,TP4056-42-ESOP8,C16581
U5,SOT-23-6,1,DW01A,C2927799
U6,SOT-23-5,1,MIC5504-3.3YM5,C41348078
U7,AS5600,1,AS5600,C499458
