﻿Designator,Footprint,Quantity,Value,LCSC Part #
"C10, C9",0402,2,22uF,C1518208
C11,0603,1,100nF,C30926
"C5, C7",CP_Elec_6.3x5.4,2,100uF,C72494
"D1, D4",0402,2,LED,
"D2, D3",0402,2,D,
J2,USB_C_Receptacle_GCT_USB4110,1,USB_C_Receptacle_USB3.0_12P,C136423
J3,JST_GH_SM02B-GHS-TB_1x02-1MP_P1.25mm_Horizontal,1,Conn_01x02_Pin,
J4,JST_GH_SM04B-GHS-TB_1x04-1MP_P1.25mm_Horizontal,1,Conn_01x04_Socket,
J5,JST_GH_SM04B-GHS-TB_1x04-1MP_P1.25mm_Horizontal,1,Conn_01x04_Pin,
Q1,SOT-23-6L_TCP,1,FS8205A,
"R12, R24",0402,2,5.1k,C137929
"R13, R14, R15, R16, R21, R22",0402,6,5.1k,C274341
R17,0402,1,330,C137929
R18,0402,1,24k,C137929
"R19, R25",0402,2,1k,C137929
R20,0402,1,27k,C137929
R23,0402,1,100k,C137929
"R8, R9",0402,2,2.7k,
U1,ESP32-WROOM-32E,1,ESP32-WROOM-E,
U2,DSG0008A-IPC_A,1,BQ25172DSGR,
U6,SOT-23-5,1,MIC5504-3.3YM5,C41348078
U7,AS5600,1,AS5600,C499458
