﻿Designator,Footprint,Quantity,Value,LCSC Part #
"C10, C11, C9",0402,3,22uF,C22367823
"C5, C7",CP_Elec_6.3x5.4,2,100uF,C72494
"D1, D4",0402,2,LED,C397045
"D3, D5",0402,2,D,C28646385
J2,USB_C_Receptacle_GCT_USB4110,1,USB_C_Receptacle_USB3.1_16P,C5187472
J3,JST_GH_SM02B-GHS-TB_1x02-1MP_P1.25mm_Horizontal,1,Conn_01x02_Pin,C189893
J4,JST_GH_SM04B-GHS-TB_1x04-1MP_P1.25mm_Horizontal,1,Conn_01x04_Socket,C189895
J5,JST_GH_SM04B-GHS-TB_1x04-1MP_P1.25mm_Horizontal,1,Conn_01x04_Pin,C189895
Q1,SOT-23-6,1,FS8205A,C2830320
Q2,SOT-23,1,BC847,C57668
"R12, R13, R14, R15, R16, R21, R22, R24, R26, R28",0402,10,5.1k,C25905
R17,0402,1,330,C105875
R18,0402,1,24k,C2933082
"R19, R25",0402,2,1k,C11702
R20,0402,1,27k,C138022
R30,0402,1,1M,C138033
"R8, R9",0402,2,2.7k,C138017
SW1,SW_Push_SPST_NO_Alps_SKRK,1,SW_Push,C720477
U1,ESP32-WROOM-32E,1,ESP32-WROOM-E,
U2,DSG0008A-IPC_A,1,BQ25172DSGR,C5189434
U6,SOT-23-5,1,MIC5504-3.3YM5,C41348078
U7,AS5600,1,AS5600,C499458
