﻿Designator,Footprint,Quantity,Value,LCSC Part #
"C1, C10, C9",0402,3,1uF,C1518208
C11,0603,1,100nF,C30926
C5,CP_Elec_6.3x5.4,1,100uF,C72494
"C6, C7",0402,2,10uF,C7472949
C8,0603,1,0.1uF,C3011705
J2,USB_C_Receptacle_GCT_USB4110,1,USB_C_Receptacle_USB3.0_12P,C136423
J3,JST_PH_S2B-PH-K_1x02_P2.00mm_Horizontal,1,Battery,
J4,JST_PH_S4B-PH-SM4-TB_1x04-1MP_P2.00mm_Horizontal,1,Conn_01x04_Socket,
J5,JST_PH_S4B-PH-SM4-TB_1x04-1MP_P2.00mm_Horizontal,1,Conn_01x04_Pin,
Q1,SOT-23-6L_TCP,1,FS8205A,C2830320
R10,0402,1,100,C106232
R12,0201,1,8.2k,C137929
"R13, R14, R15, R16, R17, R18, R19, R20, R4",0402,9,5.1k,C274341
R2,0402,1,10,C25139
R3,0402,1,49.9k,C138136
R5,0402,1,"0,4",C728428
R9,0402,1,1k,C11702
U1,ESP32-WROOM-32E,1,ESP32-WROOM-E,
U2,DFN-10-1EP_3x3mm_P0.5mm_EP1.55x2.48mm,1,HUSB238,C7471904
U3,SO_ADY-T1-GE3_VIS,1,SI4459ADY-T1-GE3,C143743
U4,SOIC-8-1EP_3.9x4.9mm_P1.27mm_EP2.41x3.3mm_ThermalVias,1,TP4056-42-ESOP8,C16581
U5,SOT-23-6,1,DW01A,C2927799
U6,SOT-23-5,1,MIC5504-3.3YM5,C41348078
U7,AS5600,1,AS5600,C499458
